[
    {
        "id": 1,
        "title": "Sleep Patterns",
        "subtitle": "A guide to sleeping better",
        "imageUrl": "/assets/images/1.jpg",
        "description": "Breathworks has developed a toolkit of mindfulness and compassion knowledge for lifelong use to meet the needs of everyone living with chronic pain, illness and stress.",
        "type": "lock-closed-outline"
    },
    {
        "id": 2,
        "title": "title2",
        "subtitle": "france",
        "imageUrl": "/assets/images/1.jpg",
        "description": "description 1",
        "type": "lock-open-outline"
    }
]